dataset_id,model,bbox_source,detector_seed,reference_type,stratum,instance_count,source_scene_count,mean_iou,mean_dice,mean_precision,mean_recall,mean_boundary_iou,iou_ci_lower,iou_ci_upper,confidence_level,bootstrap_samples,success_at_iou_50,success_at_iou_75,success_at_iou_90
samrs_sota_plane,sam1,gt_bbox,,pseudo_sam2,overall,3713,24,0.7850188621341495,0.8698501939792419,0.9565063318812778,0.8172756928033784,,0.729518756464446,0.8313867353756896,0.95,10000,0.9410180447077835,0.6967411796391059,0.2375437651494748
samrs_sota_plane,sam1,gt_bbox,,pseudo_sam2,no_overlap__low_mask_area,286,22,0.7841546708717397,0.869681921430384,0.9643813574801025,0.8121616646650016,,0.7403969783719188,0.8191767353469595,0.95,10000,0.9370629370629371,0.7412587412587412,0.2097902097902098
samrs_sota_plane,sam1,gt_bbox,,pseudo_sam2,no_overlap__high_mask_area,412,14,0.8369691910628677,0.9018829667738704,0.923943273380289,0.8927663803495862,,0.797011713399749,0.8666012465374754,0.95,10000,0.9611650485436893,0.866504854368932,0.32524271844660196
samrs_sota_plane,sam1,gt_bbox,,pseudo_sam2,overlap__low_mask_area,1209,18,0.7014442532527633,0.8147813608194404,0.9572601799451923,0.7328000908760596,,0.6684410954398129,0.7508215942143804,0.95,10000,0.8974358974358975,0.44499586435070304,0.03391232423490488
samrs_sota_plane,sam1,gt_bbox,,pseudo_sam2,overlap__high_mask_area,1806,20,0.8292521541164383,0.8994342708606298,0.9621831427737867,0.8574149239820419,,0.752457171535159,0.8671737462478648,0.95,10000,0.9662236987818383,0.8194905869324474,0.358250276854928
samrs_sota_plane,sam1,gt_bbox,,pseudo_sam3,overall,3713,24,0.8125812472731347,0.8901335697155308,0.8675922743084901,0.9292661535682105,,0.7751081984716003,0.8439650004670545,0.95,10000,0.9754915162941018,0.7834635065984379,0.22730945327228655
samrs_sota_plane,sam1,gt_bbox,,pseudo_sam3,no_overlap__low_mask_area,286,22,0.825215274459415,0.8996442185518073,0.8898474654479803,0.9222439006320253,,0.8064992441971721,0.8389441005393518,0.95,10000,0.986013986013986,0.8391608391608392,0.1888111888111888
samrs_sota_plane,sam1,gt_bbox,,pseudo_sam3,no_overlap__high_mask_area,412,14,0.7981596603774678,0.8765406140337164,0.8259441060202459,0.9496102977406041,,0.7510929656723518,0.8534933277162288,0.95,10000,0.9660194174757282,0.7402912621359223,0.24757281553398058
samrs_sota_plane,sam1,gt_bbox,,pseudo_sam3,overlap__low_mask_area,1209,18,0.7797774374507,0.8708091212828786,0.866542053381931,0.8953229506025557,,0.7531136789095659,0.8123916764633704,0.95,10000,0.9702233250620348,0.7055417700578991,0.07113316790736146
samrs_sota_plane,sam1,gt_bbox,,pseudo_sam3,overlap__high_mask_area,1806,20,0.8358305097875656,0.9046648600415604,0.8742721069602465,0.9484599018108458,,0.7739759973832074,0.8658317239761899,0.95,10000,0.9795127353266888,0.8366555924695459,0.3333333333333333
samrs_sota_plane,sam1,gt_bbox,,published_samrs_reference,overall,3713,24,0.9906331615819841,0.9926178349568846,0.9935720897825195,0.9925310560726169,,0.9831502483181892,0.9958255984932208,0.95,10000,0.992728252087261,0.9908429841098841,0.9868031241583625
samrs_sota_plane,sam1,gt_bbox,,published_samrs_reference,no_overlap__low_mask_area,286,22,0.9788928024003385,0.9814169119299164,0.9806551059113338,0.98383628097465,,0.9506434141106908,0.99382533524214,0.95,10000,0.9790209790209791,0.9790209790209791,0.972027972027972
samrs_sota_plane,sam1,gt_bbox,,published_samrs_reference,no_overlap__high_mask_area,412,14,0.9787143831170037,0.9839126112098053,0.9872878242326486,0.9833312742054914,,0.9598649592071644,0.9945062082614663,0.95,10000,0.9805825242718447,0.9757281553398058,0.9660194174757282
samrs_sota_plane,sam1,gt_bbox,,published_samrs_reference,overlap__low_mask_area,1209,18,0.996638996554212,0.9979163058650928,0.9989727083141128,0.9969705212258222,,0.9944690768423896,0.9980584743660548,0.95,10000,0.9991728701406121,0.9983457402812241,0.9958643507030603
samrs_sota_plane,sam1,gt_bbox,,published_samrs_reference,overlap__high_mask_area,1806,20,0.9911908719762802,0.9928305508159576,0.9934358921020155,0.9930347672780704,,0.9818626265311573,0.9974600046277072,0.95,10000,0.9933554817275747,0.991140642303433,0.9878183831672204
samrs_sota_plane,sam1,gt_bbox,,reproduced_pseudo_sam1,overall,3713,24,1.0,1.0,1.0,1.0,,1.0,1.0,0.95,10000,1.0,1.0,1.0
samrs_sota_plane,sam1,gt_bbox,,reproduced_pseudo_sam1,no_overlap__low_mask_area,286,22,1.0,1.0,1.0,1.0,,1.0,1.0,0.95,10000,1.0,1.0,1.0
samrs_sota_plane,sam1,gt_bbox,,reproduced_pseudo_sam1,no_overlap__high_mask_area,412,14,1.0,1.0,1.0,1.0,,1.0,1.0,0.95,10000,1.0,1.0,1.0
samrs_sota_plane,sam1,gt_bbox,,reproduced_pseudo_sam1,overlap__low_mask_area,1209,18,1.0,1.0,1.0,1.0,,1.0,1.0,0.95,10000,1.0,1.0,1.0
samrs_sota_plane,sam1,gt_bbox,,reproduced_pseudo_sam1,overlap__high_mask_area,1806,20,1.0,1.0,1.0,1.0,,1.0,1.0,0.95,10000,1.0,1.0,1.0
samrs_sota_plane,sam1,yolo_bbox,42,pseudo_sam2,overall,3713,24,0.6755879623939423,0.7432912158684852,0.8103307696559101,0.7010698768227523,,0.567604146353203,0.7648810625304197,0.95,10000,0.8039321303528144,0.6210611365472664,0.22757877726905468
samrs_sota_plane,sam1,yolo_bbox,42,pseudo_sam2,no_overlap__low_mask_area,286,22,0.6465985110233047,0.7140150369373136,0.7780895474564744,0.6760629499317985,,0.5605832842438613,0.7147920901963527,0.95,10000,0.7622377622377622,0.6188811188811189,0.2097902097902098
samrs_sota_plane,sam1,yolo_bbox,42,pseudo_sam2,no_overlap__high_mask_area,412,14,0.7860092049318071,0.8486168172402266,0.8659978492944799,0.8457286400328927,,0.7387927701289196,0.8244048386687595,0.95,10000,0.912621359223301,0.7961165048543689,0.3131067961165049
samrs_sota_plane,sam1,yolo_bbox,42,pseudo_sam2,overlap__low_mask_area,1209,18,0.5047994587660857,0.5829583136534789,0.6860375045195545,0.5203097297730785,,0.4067452956738985,0.6259806021652425,0.95,10000,0.6418527708850289,0.3399503722084367,0.030603804797353185
samrs_sota_plane,sam1,yolo_bbox,42,pseudo_sam2,overlap__high_mask_area,1806,20,0.7693203721682949,0.8312321450972228,0.8859435660500419,0.7930364263417393,,0.6538497265270448,0.8289232323799952,0.95,10000,0.8942414174972314,0.769656699889258,0.3427464008859358
samrs_sota_plane,sam1,yolo_bbox,42,pseudo_sam3,overall,3713,24,0.6950009587127286,0.757445192107368,0.7344294701461112,0.7931821274856456,,0.5967281914088686,0.7716593163726002,0.95,10000,0.8287099380554808,0.6840829517910045,0.21141933746296795
samrs_sota_plane,sam1,yolo_bbox,42,pseudo_sam3,no_overlap__low_mask_area,286,22,0.6710975152834425,0.731689831881212,0.7143796604065399,0.7607973537073515,,0.593442495405099,0.7361390506452633,0.95,10000,0.7937062937062938,0.6783216783216783,0.18181818181818182
samrs_sota_plane,sam1,yolo_bbox,42,pseudo_sam3,no_overlap__high_mask_area,412,14,0.744462675244057,0.8209610711444266,0.7704029315323025,0.8957358530799459,,0.7052132116692521,0.7870574368221773,0.95,10000,0.9077669902912622,0.6747572815533981,0.1966019417475728
samrs_sota_plane,sam1,yolo_bbox,42,pseudo_sam3,overlap__low_mask_area,1209,18,0.5638311641898552,0.6247924389664394,0.6189682558025768,0.6423718104271486,,0.459336117607433,0.678892730915645,0.95,10000,0.6947890818858561,0.5310173697270472,0.060380479735318446
samrs_sota_plane,sam1,yolo_bbox,42,pseudo_sam3,overlap__high_mask_area,1806,20,0.7753123868345575,0.835836481923977,0.8066918110296879,0.8758729268651935,,0.6711081199730082,0.825558228351812,0.95,10000,0.9058693244739756,0.7895902547065338,0.32059800664451826
samrs_sota_plane,sam1,yolo_bbox,42,published_samrs_reference,overall,3713,24,0.8126515326974005,0.8241083382368449,0.8271156703063424,0.8235682455102236,,0.7102988596789451,0.8928014180279092,0.95,10000,0.8351737139779154,0.8208995421492055,0.7815782386210611
samrs_sota_plane,sam1,yolo_bbox,42,published_samrs_reference,no_overlap__low_mask_area,286,22,0.7650662983988176,0.7800396640791407,0.7730613426893028,0.7917398519021712,,0.6725789235403377,0.8345588292307199,0.95,10000,0.7937062937062938,0.7657342657342657,0.7272727272727273
samrs_sota_plane,sam1,yolo_bbox,42,published_samrs_reference,no_overlap__high_mask_area,412,14,0.9007948850073582,0.9139839987349854,0.9137181372624169,0.9183344278975403,,0.8491790252375279,0.9449524469732271,0.95,10000,0.9223300970873787,0.912621359223301,0.8616504854368932
samrs_sota_plane,sam1,yolo_bbox,42,published_samrs_reference,overlap__low_mask_area,1209,18,0.676348186171879,0.6902521269145347,0.6967253044547647,0.6867740125320272,,0.5511718759877499,0.8073127772012724,0.95,10000,0.7055417700578991,0.6815550041356493,0.6327543424317618
samrs_sota_plane,sam1,yolo_bbox,42,published_samrs_reference,overlap__high_mask_area,1806,20,0.8913254318153672,0.9001919640245206,0.903207183942626,0.8985646359304716,,0.7986279273881778,0.9422980882309699,0.95,10000,0.9086378737541528,0.9019933554817275,0.8715393133997785
samrs_sota_plane,sam1,yolo_bbox,42,reproduced_pseudo_sam1,overall,3713,24,0.8180486049978571,0.8287938748734063,0.831200170249794,0.8283887553936202,,0.715464284745701,0.8986853761129838,0.95,10000,0.8402908699165096,0.8265553460813359,0.7880420145434959
samrs_sota_plane,sam1,yolo_bbox,42,reproduced_pseudo_sam1,no_overlap__low_mask_area,286,22,0.7839557459013221,0.7976460127766652,0.7916090211084144,0.8068701004005263,,0.6954532548303665,0.8589105114251467,0.95,10000,0.8146853146853147,0.7867132867132867,0.7517482517482518
samrs_sota_plane,sam1,yolo_bbox,42,reproduced_pseudo_sam1,no_overlap__high_mask_area,412,14,0.9094014739376733,0.9211838038965682,0.9195987413057803,0.9253723310844093,,0.8529144546241315,0.9493081188672895,0.95,10000,0.9296116504854369,0.9199029126213593,0.8810679611650486
samrs_sota_plane,sam1,yolo_bbox,42,reproduced_pseudo_sam1,overlap__low_mask_area,1209,18,0.6776365118006752,0.6912665884488862,0.6969552658255781,0.6885174105130512,,0.5521654022074804,0.8094243656253508,0.95,10000,0.706368899917287,0.6832092638544252,0.6319272125723738
samrs_sota_plane,sam1,yolo_bbox,42,reproduced_pseudo_sam1,overlap__high_mask_area,1806,20,0.8966041954595393,0.9047153184444863,0.9071719016054115,0.9033065616527718,,0.8048278450741096,0.9459632189927182,0.95,10000,0.9136212624584718,0.907530454042082,0.8770764119601329
samrs_sota_plane,sam2,gt_bbox,,pseudo_sam2,overall,3713,24,1.0,1.0,1.0,1.0,,1.0,1.0,0.95,10000,1.0,1.0,1.0
samrs_sota_plane,sam2,gt_bbox,,pseudo_sam2,no_overlap__low_mask_area,286,22,1.0,1.0,1.0,1.0,,1.0,1.0,0.95,10000,1.0,1.0,1.0
samrs_sota_plane,sam2,gt_bbox,,pseudo_sam2,no_overlap__high_mask_area,412,14,1.0,1.0,1.0,1.0,,1.0,1.0,0.95,10000,1.0,1.0,1.0
samrs_sota_plane,sam2,gt_bbox,,pseudo_sam2,overlap__low_mask_area,1209,18,1.0,1.0,1.0,1.0,,1.0,1.0,0.95,10000,1.0,1.0,1.0
samrs_sota_plane,sam2,gt_bbox,,pseudo_sam2,overlap__high_mask_area,1806,20,1.0,1.0,1.0,1.0,,1.0,1.0,0.95,10000,1.0,1.0,1.0
samrs_sota_plane,sam2,gt_bbox,,pseudo_sam3,overall,3713,24,0.7507231316148086,0.8495963920092765,0.7703949914077929,0.9696991809293771,,0.7025504674804257,0.7910276912718543,0.95,10000,0.9434419606786965,0.5922434688930783,0.08106652302720173
samrs_sota_plane,sam2,gt_bbox,,pseudo_sam3,no_overlap__low_mask_area,286,22,0.7606273653452501,0.8554630967203124,0.7833651214330479,0.9671270413693919,,0.7188114622002785,0.7920924881328479,0.95,10000,0.9335664335664335,0.6713286713286714,0.06643356643356643
samrs_sota_plane,sam2,gt_bbox,,pseudo_sam3,no_overlap__high_mask_area,412,14,0.8012762170581902,0.8847306539479185,0.8187739082055907,0.9765983483031244,,0.7706489084959001,0.8366619890224514,0.95,10000,0.9854368932038835,0.7184466019417476,0.16747572815533981
samrs_sota_plane,sam2,gt_bbox,,pseudo_sam3,overlap__low_mask_area,1209,18,0.6848584435830049,0.8055408625070372,0.7104341115206304,0.9614303168068155,,0.6558024569141664,0.7174829615247598,0.95,10000,0.9065343258891646,0.35401157981803144,0.004962779156327543
samrs_sota_plane,sam2,gt_bbox,,pseudo_sam3,overlap__high_mask_area,1806,20,0.7817142311612492,0.8701445324866466,0.7974443451595449,0.9740680799771896,,0.6989042235209092,0.8217756354500773,0.95,10000,0.9601328903654485,0.7104097452934662,0.11461794019933555
samrs_sota_plane,sam2,gt_bbox,,published_samrs_reference,overall,3713,24,0.7807864023206073,0.8655060157152812,0.8134868410618968,0.9518323305705609,,0.7258457631629134,0.8267334475614875,0.95,10000,0.935092916778885,0.6908160517102074,0.23862106113654727
samrs_sota_plane,sam2,gt_bbox,,published_samrs_reference,no_overlap__low_mask_area,286,22,0.7691427306613686,0.8541958312058217,0.795456751302215,0.9515549000748345,,0.7186494692724315,0.8063807698930606,0.95,10000,0.916083916083916,0.7237762237762237,0.20279720279720279
samrs_sota_plane,sam2,gt_bbox,,published_samrs_reference,no_overlap__high_mask_area,412,14,0.8270137297167434,0.8923953752135803,0.8853438230355601,0.9132858785844084,,0.7845131765991801,0.8645966327351324,0.95,10000,0.9466019417475728,0.8495145631067961,0.3300970873786408
samrs_sota_plane,sam2,gt_bbox,,published_samrs_reference,overlap__low_mask_area,1209,18,0.7017662158524153,0.8150184956658264,0.7336063541139562,0.9565461825280935,,0.6688796057383642,0.7508588700787363,0.95,10000,0.8974358974358975,0.4441687344913151,0.034739454094292806
samrs_sota_plane,sam2,gt_bbox,,published_samrs_reference,overlap__high_mask_area,1806,20,0.8249834325793989,0.8949610037530427,0.8534242927884637,0.9575141889999164,,0.749126362136665,0.8641570369146226,0.95,10000,0.9606866002214839,0.8145071982281284,0.3599114064230343
samrs_sota_plane,sam2,gt_bbox,,reproduced_pseudo_sam1,overall,3713,24,0.7850188621341495,0.8698501939792419,0.8172756928033784,0.9565063318812778,,0.729518756464446,0.8313867353756896,0.95,10000,0.9410180447077835,0.6967411796391059,0.2375437651494748
samrs_sota_plane,sam2,gt_bbox,,reproduced_pseudo_sam1,no_overlap__low_mask_area,286,22,0.7841546708717397,0.869681921430384,0.8121616646650016,0.9643813574801025,,0.7403969783719188,0.8191767353469595,0.95,10000,0.9370629370629371,0.7412587412587412,0.2097902097902098
samrs_sota_plane,sam2,gt_bbox,,reproduced_pseudo_sam1,no_overlap__high_mask_area,412,14,0.8369691910628677,0.9018829667738704,0.8927663803495862,0.923943273380289,,0.797011713399749,0.8666012465374754,0.95,10000,0.9611650485436893,0.866504854368932,0.32524271844660196
samrs_sota_plane,sam2,gt_bbox,,reproduced_pseudo_sam1,overlap__low_mask_area,1209,18,0.7014442532527633,0.8147813608194404,0.7328000908760596,0.9572601799451923,,0.6684410954398129,0.7508215942143804,0.95,10000,0.8974358974358975,0.44499586435070304,0.03391232423490488
samrs_sota_plane,sam2,gt_bbox,,reproduced_pseudo_sam1,overlap__high_mask_area,1806,20,0.8292521541164383,0.8994342708606298,0.8574149239820419,0.9621831427737867,,0.752457171535159,0.8671737462478648,0.95,10000,0.9662236987818383,0.8194905869324474,0.358250276854928
samrs_sota_plane,sam2,yolo_bbox,42,pseudo_sam2,overall,3713,24,0.7848432046874624,0.8099258148065435,0.8173977630000968,0.809596075255833,,0.6765263098239795,0.870960856378411,0.95,10000,0.8338270939940748,0.7947751144626987,0.6614597360624832
samrs_sota_plane,sam2,yolo_bbox,42,pseudo_sam2,no_overlap__low_mask_area,286,22,0.745023249465046,0.7748938676862995,0.7750200264364044,0.7841884734400626,,0.6587199039411317,0.8141170663235741,0.95,10000,0.7972027972027972,0.7587412587412588,0.6223776223776224
samrs_sota_plane,sam2,yolo_bbox,42,pseudo_sam2,no_overlap__high_mask_area,412,14,0.8929051032900306,0.914387334069409,0.9125005889497858,0.9216590159405398,,0.8414579189332637,0.9297918717455737,0.95,10000,0.9344660194174758,0.9077669902912622,0.8058252427184466
samrs_sota_plane,sam2,yolo_bbox,42,pseudo_sam2,overlap__low_mask_area,1209,18,0.629951065679095,0.6632114567234731,0.6745542406724598,0.6621513234575607,,0.5109202820043295,0.7580117819618243,0.95,10000,0.695616211745244,0.6360628618693135,0.4392059553349876
samrs_sota_plane,sam2,yolo_bbox,42,pseudo_sam2,overlap__high_mask_area,1806,20,0.8701873913045551,0.8898586220393901,0.8980375674630302,0.8867596120671967,,0.7643610833292294,0.926045270453225,0.95,10000,0.9091915836101883,0.8809523809523809,0.783499446290144
samrs_sota_plane,sam2,yolo_bbox,42,pseudo_sam3,overall,3713,24,0.6431815837476216,0.7236917276104496,0.6599787885667688,0.8185100133310054,,0.5395415837574056,0.7250956463105279,0.95,10000,0.8087799622946404,0.5267977376784272,0.07702666307568004
samrs_sota_plane,sam2,yolo_bbox,42,pseudo_sam3,no_overlap__low_mask_area,286,22,0.6215454563320669,0.6982306457733447,0.6370986353333864,0.7914477035683438,,0.5411664672017694,0.6842300483150937,0.95,10000,0.7622377622377622,0.5314685314685315,0.06293706293706294
samrs_sota_plane,sam2,yolo_bbox,42,pseudo_sam3,no_overlap__high_mask_area,412,14,0.7456124009603041,0.827037682623253,0.7623534384490487,0.9189128306008083,,0.7138056079807304,0.7704578011657955,0.95,10000,0.9247572815533981,0.6601941747572816,0.14320388349514562
samrs_sota_plane,sam2,yolo_bbox,42,pseudo_sam3,overlap__low_mask_area,1209,18,0.48650079626348103,0.5714982162170897,0.5055330335168656,0.6803070114407027,,0.39362167606715437,0.5976854655420314,0.95,10000,0.6534325889164598,0.25392886683209265,0.0033085194375516956
samrs_sota_plane,sam2,yolo_bbox,42,pseudo_sam3,overlap__high_mask_area,1806,20,0.7281281550751684,0.8060313130006539,0.7436389690366365,0.8924088445393877,,0.6103253662149163,0.7822854046498559,0.95,10000,0.893687707641196,0.6782945736434108,0.11351052048726468
samrs_sota_plane,sam2,yolo_bbox,42,published_samrs_reference,overall,3713,24,0.6785809743038224,0.7440059773494262,0.7053283757502821,0.8051696721584007,,0.5676507872526533,0.7681620597698813,0.95,10000,0.8036628063560464,0.639375168327498,0.24158362510099649
samrs_sota_plane,sam2,yolo_bbox,42,published_samrs_reference,no_overlap__low_mask_area,286,22,0.6307077075838937,0.6981183832870267,0.6489585546134005,0.7770722795335909,,0.5436356394499852,0.6979182636408072,0.95,10000,0.7517482517482518,0.5734265734265734,0.20279720279720279
samrs_sota_plane,sam2,yolo_bbox,42,published_samrs_reference,no_overlap__high_mask_area,412,14,0.7801668016348321,0.8415098062687779,0.8338193961543561,0.8647155128082479,,0.7300801140360876,0.820154618065781,0.95,10000,0.8883495145631068,0.7839805825242718,0.33737864077669905
samrs_sota_plane,sam2,yolo_bbox,42,published_samrs_reference,overlap__low_mask_area,1209,18,0.5114859875600121,0.5877634926820787,0.5324385142761263,0.68039298558241,,0.4095829947218981,0.6339735876192543,0.95,10000,0.6484698097601324,0.36889991728701405,0.03143093465674111
samrs_sota_plane,sam2,yolo_bbox,42,published_samrs_reference,overlap__high_mask_area,1806,20,0.7748468837140051,0.8336236065575638,0.8006812611107049,0.8795650110362145,,0.6571128496240667,0.8339724853938277,0.95,10000,0.8964562569213732,0.7978959025470653,0.36655592469545956
samrs_sota_plane,sam2,yolo_bbox,42,reproduced_pseudo_sam1,overall,3713,24,0.6822470074448883,0.7476445958484548,0.7084650088295198,0.8090692214298559,,0.5709965578937637,0.772130419267596,0.95,10000,0.8082413143011042,0.6447616482628602,0.2418529490977646
samrs_sota_plane,sam2,yolo_bbox,42,reproduced_pseudo_sam1,no_overlap__low_mask_area,286,22,0.6455944164387243,0.7134841852060816,0.6656235386736885,0.7896924000559883,,0.5611421768580186,0.7162139548165584,0.95,10000,0.7692307692307693,0.5909090909090909,0.2062937062937063
samrs_sota_plane,sam2,yolo_bbox,42,reproduced_pseudo_sam1,no_overlap__high_mask_area,412,14,0.7885797872597397,0.8491027175659638,0.8391633246301469,0.8729349503807448,,0.7354342795545119,0.8256345496953297,0.95,10000,0.9004854368932039,0.7985436893203883,0.3422330097087379
samrs_sota_plane,sam2,yolo_bbox,42,reproduced_pseudo_sam1,overlap__low_mask_area,1209,18,0.5111672192103554,0.5875365416003289,0.5318463905913662,0.680867701745376,,0.409081478047945,0.6338395320088754,0.95,10000,0.6468155500413565,0.369727047146402,0.03143093465674111
samrs_sota_plane,sam2,yolo_bbox,42,reproduced_pseudo_sam1,overlap__high_mask_area,1806,20,0.7783206507004777,0.8370907580201544,0.8036681449339702,0.8833907761827333,,0.6617841713198144,0.8361655807757371,0.95,10000,0.9014396456256921,0.8023255813953488,0.3654485049833887
samrs_sota_plane,sam3,gt_bbox,,pseudo_sam2,overall,3713,24,0.7507231316148086,0.8495963920092765,0.9696991809293771,0.7703949914077929,,0.7025504674804257,0.7910276912718543,0.95,10000,0.9434419606786965,0.5922434688930783,0.08106652302720173
samrs_sota_plane,sam3,gt_bbox,,pseudo_sam2,no_overlap__low_mask_area,286,22,0.7606273653452501,0.8554630967203124,0.9671270413693919,0.7833651214330479,,0.7188114622002785,0.7920924881328479,0.95,10000,0.9335664335664335,0.6713286713286714,0.06643356643356643
samrs_sota_plane,sam3,gt_bbox,,pseudo_sam2,no_overlap__high_mask_area,412,14,0.8012762170581902,0.8847306539479185,0.9765983483031244,0.8187739082055907,,0.7706489084959001,0.8366619890224514,0.95,10000,0.9854368932038835,0.7184466019417476,0.16747572815533981
samrs_sota_plane,sam3,gt_bbox,,pseudo_sam2,overlap__low_mask_area,1209,18,0.6848584435830049,0.8055408625070372,0.9614303168068155,0.7104341115206304,,0.6558024569141664,0.7174829615247598,0.95,10000,0.9065343258891646,0.35401157981803144,0.004962779156327543
samrs_sota_plane,sam3,gt_bbox,,pseudo_sam2,overlap__high_mask_area,1806,20,0.7817142311612492,0.8701445324866466,0.9740680799771896,0.7974443451595449,,0.6989042235209092,0.8217756354500773,0.95,10000,0.9601328903654485,0.7104097452934662,0.11461794019933555
samrs_sota_plane,sam3,gt_bbox,,pseudo_sam3,overall,3713,24,1.0,1.0,1.0,1.0,,1.0,1.0,0.95,10000,1.0,1.0,1.0
samrs_sota_plane,sam3,gt_bbox,,pseudo_sam3,no_overlap__low_mask_area,286,22,1.0,1.0,1.0,1.0,,1.0,1.0,0.95,10000,1.0,1.0,1.0
samrs_sota_plane,sam3,gt_bbox,,pseudo_sam3,no_overlap__high_mask_area,412,14,1.0,1.0,1.0,1.0,,1.0,1.0,0.95,10000,1.0,1.0,1.0
samrs_sota_plane,sam3,gt_bbox,,pseudo_sam3,overlap__low_mask_area,1209,18,1.0,1.0,1.0,1.0,,1.0,1.0,0.95,10000,1.0,1.0,1.0
samrs_sota_plane,sam3,gt_bbox,,pseudo_sam3,overlap__high_mask_area,1806,20,1.0,1.0,1.0,1.0,,1.0,1.0,0.95,10000,1.0,1.0,1.0
samrs_sota_plane,sam3,gt_bbox,,published_samrs_reference,overall,3713,24,0.8076199844210971,0.8851647513187945,0.9249271590113896,0.8627240140373073,,0.7702565273452147,0.8389510558907438,0.95,10000,0.9692970643684352,0.7783463506598438,0.2256935092916779
samrs_sota_plane,sam3,gt_bbox,,published_samrs_reference,no_overlap__low_mask_area,286,22,0.8122790558701624,0.8862026065788736,0.9078095769349267,0.8782136348397389,,0.78186753714141,0.830466914991149,0.95,10000,0.972027972027972,0.8216783216783217,0.18181818181818182
samrs_sota_plane,sam3,gt_bbox,,published_samrs_reference,no_overlap__high_mask_area,412,14,0.7883834462935176,0.8666707742524683,0.9404672057146449,0.817134393422094,,0.7330545135619196,0.8502437669644636,0.95,10000,0.9490291262135923,0.7281553398058253,0.25
samrs_sota_plane,sam3,gt_bbox,,published_samrs_reference,overlap__low_mask_area,1209,18,0.7784579527898828,0.8697202308610901,0.8951755185818743,0.8647172753880931,,0.7518011792155049,0.810582680482532,0.95,10000,0.9702233250620348,0.7038875103391232,0.07030603804797353
samrs_sota_plane,sam3,gt_bbox,,published_samrs_reference,overlap__high_mask_area,1806,20,0.8307926618941138,0.8995585039103272,0.9440095856511518,0.8693369925372366,,0.7696796952789297,0.8607980439287073,0.95,10000,0.9728682170542635,0.832779623477298,0.33111849390919157
samrs_sota_plane,sam3,gt_bbox,,reproduced_pseudo_sam1,overall,3713,24,0.8125812472731347,0.8901335697155308,0.9292661535682105,0.8675922743084901,,0.7751081984716003,0.8439650004670545,0.95,10000,0.9754915162941018,0.7834635065984379,0.22730945327228655
samrs_sota_plane,sam3,gt_bbox,,reproduced_pseudo_sam1,no_overlap__low_mask_area,286,22,0.825215274459415,0.8996442185518073,0.9222439006320253,0.8898474654479803,,0.8064992441971721,0.8389441005393518,0.95,10000,0.986013986013986,0.8391608391608392,0.1888111888111888
samrs_sota_plane,sam3,gt_bbox,,reproduced_pseudo_sam1,no_overlap__high_mask_area,412,14,0.7981596603774678,0.8765406140337164,0.9496102977406041,0.8259441060202459,,0.7510929656723518,0.8534933277162288,0.95,10000,0.9660194174757282,0.7402912621359223,0.24757281553398058
samrs_sota_plane,sam3,gt_bbox,,reproduced_pseudo_sam1,overlap__low_mask_area,1209,18,0.7797774374507,0.8708091212828786,0.8953229506025557,0.866542053381931,,0.7531136789095659,0.8123916764633704,0.95,10000,0.9702233250620348,0.7055417700578991,0.07113316790736146
samrs_sota_plane,sam3,gt_bbox,,reproduced_pseudo_sam1,overlap__high_mask_area,1806,20,0.8358305097875656,0.9046648600415604,0.9484599018108458,0.8742721069602465,,0.7739759973832074,0.8658317239761899,0.95,10000,0.9795127353266888,0.8366555924695459,0.3333333333333333
samrs_sota_plane,sam3,yolo_bbox,42,pseudo_sam2,overall,3713,24,0.639006282879381,0.7206550424224196,0.8217086037870273,0.6534614301925082,,0.53874889319942,0.7193705599439518,0.95,10000,0.7993536224077565,0.5219499057366012,0.0737947751144627
samrs_sota_plane,sam3,yolo_bbox,42,pseudo_sam2,no_overlap__low_mask_area,286,22,0.6240861872257435,0.7000343120289664,0.7806204182823934,0.649853931260598,,0.5459903872611523,0.6837086222652607,0.95,10000,0.7587412587412588,0.541958041958042,0.07342657342657342
samrs_sota_plane,sam3,yolo_bbox,42,pseudo_sam2,no_overlap__high_mask_area,412,14,0.7511117935704507,0.8315800127138849,0.9170957331290313,0.7707570285534172,,0.7134502333565619,0.7774923266787338,0.95,10000,0.9271844660194175,0.691747572815534,0.14320388349514562
samrs_sota_plane,sam3,yolo_bbox,42,pseudo_sam2,overlap__low_mask_area,1209,18,0.4820572531803936,0.5678559992470307,0.6873653165678315,0.495268865630436,,0.39423340549152025,0.5896784155295015,0.95,10000,0.6344086021505376,0.2522746071133168,0.006617038875103391
samrs_sota_plane,sam3,yolo_bbox,42,pseudo_sam2,overlap__high_mask_area,1806,20,0.7208617944288245,0.8009044800367546,0.8963889792097445,0.7331739267181878,,0.6059823359456907,0.776858366521421,0.95,10000,0.8870431893687708,0.6605758582502769,0.10299003322259136
samrs_sota_plane,sam3,yolo_bbox,42,pseudo_sam3,overall,3713,24,0.7993324359416268,0.8187041770307497,0.8225566022139104,0.8183510201987195,,0.6939521003987245,0.8817168583542975,0.95,10000,0.8397522219229734,0.8133584702396983,0.7204416913546997
samrs_sota_plane,sam3,yolo_bbox,42,pseudo_sam3,no_overlap__low_mask_area,286,22,0.7588335390870493,0.7830295540351262,0.7784149839337834,0.7930567542277562,,0.6723840100486221,0.8274780229666524,0.95,10000,0.8041958041958042,0.7867132867132867,0.6538461538461539
samrs_sota_plane,sam3,yolo_bbox,42,pseudo_sam3,no_overlap__high_mask_area,412,14,0.9014729749984333,0.9194854524835515,0.9192981813514823,0.9228722579157568,,0.8437962664694632,0.9411604437091478,0.95,10000,0.9368932038834952,0.9077669902912622,0.8689320388349514
samrs_sota_plane,sam3,yolo_bbox,42,pseudo_sam3,overlap__low_mask_area,1209,18,0.6551603130274134,0.6788661239375142,0.6857248879458697,0.6764481362864697,,0.5315862863802513,0.7841569374235519,0.95,10000,0.706368899917287,0.674110835401158,0.5301902398676592
samrs_sota_plane,sam3,yolo_bbox,42,pseudo_sam3,overlap__high_mask_area,1806,20,0.8789586147967148,0.8949750867095512,0.899077374513743,0.8935071645941715,,0.7780859195111206,0.9314807223921232,0.95,10000,0.9125138427464009,0.8892580287929125,0.8244739756367664
samrs_sota_plane,sam3,yolo_bbox,42,published_samrs_reference,overall,3713,24,0.6912566070314831,0.7535856038759284,0.7933230336582289,0.7271145012278035,,0.5933579951553504,0.7677981408058834,0.95,10000,0.8233234581201185,0.6800430918394829,0.21330460544034474
samrs_sota_plane,sam3,yolo_bbox,42,published_samrs_reference,no_overlap__low_mask_area,286,22,0.6592946109620819,0.7186506545787273,0.7338010297835571,0.7171599126323789,,0.5814666220442939,0.7190874816354669,0.95,10000,0.7797202797202797,0.6748251748251748,0.16783216783216784
samrs_sota_plane,sam3,yolo_bbox,42,published_samrs_reference,no_overlap__high_mask_area,412,14,0.7432850806844881,0.8179114034754491,0.8892829131707176,0.7688336503803391,,0.7020602455280692,0.7845166079860657,0.95,10000,0.8956310679611651,0.6820388349514563,0.21844660194174756
samrs_sota_plane,sam3,yolo_bbox,42,published_samrs_reference,overlap__low_mask_area,1209,18,0.5619545727144234,0.6229559058942927,0.6498686868047666,0.6091049022861812,,0.45463798973385616,0.6783451455114785,0.95,10000,0.6906534325889164,0.533498759305211,0.062034739454094295
samrs_sota_plane,sam3,yolo_bbox,42,published_samrs_reference,overlap__high_mask_area,1806,20,0.7710083009518239,0.8318915124716068,0.8768912108979005,0.7981733760937326,,0.668294469070066,0.822163551012403,0.95,10000,0.902547065337763,0.778516057585825,0.32059800664451826
samrs_sota_plane,sam3,yolo_bbox,42,reproduced_pseudo_sam1,overall,3713,24,0.6953321528860416,0.7575467114253545,0.7967853444861991,0.7311083308848008,,0.5978393243433746,0.771734240567541,0.95,10000,0.8287099380554808,0.6854295717748451,0.2149205494209534
samrs_sota_plane,sam3,yolo_bbox,42,reproduced_pseudo_sam1,no_overlap__low_mask_area,286,22,0.672365425752052,0.7321335957647059,0.7481129145530941,0.7293289987085868,,0.5978787485968161,0.7354161305352804,0.95,10000,0.7972027972027972,0.6923076923076923,0.17832167832167833
samrs_sota_plane,sam3,yolo_bbox,42,reproduced_pseudo_sam1,no_overlap__high_mask_area,412,14,0.7518914200260598,0.8262127114629358,0.8966176424370127,0.776469657270074,,0.7148802463730777,0.7883555345157667,0.95,10000,0.9077669902912622,0.6966019417475728,0.21601941747572814
samrs_sota_plane,sam3,yolo_bbox,42,reproduced_pseudo_sam1,overlap__low_mask_area,1209,18,0.5631294585265376,0.6239333568848399,0.6501098810015449,0.6106507480243825,,0.4559482685154183,0.679968621752945,0.95,10000,0.6914805624483044,0.5351530190239868,0.06368899917287014
samrs_sota_plane,sam3,yolo_bbox,42,reproduced_pseudo_sam1,overlap__high_mask_area,1806,20,0.7745675478911763,0.8353519742730534,0.8799082921927769,0.8016804461726802,,0.672614788086072,0.8245215077306441,0.95,10000,0.907530454042082,0.782392026578073,0.32170542635658916
