dataset_id,bbox_source,detector_seed,stratum,model,baseline_reference,own_reference,cross_references,instance_count,source_scene_count,self_vs_cross_iou,self_vs_cross_ci_lower,self_vs_cross_ci_upper,relative_advantage_did,relative_advantage_did_ci_lower,relative_advantage_did_ci_upper,confidence_level,bootstrap_samples,identity_control
isaid_small_vehicle,gt_bbox,,overall,sam1,human,pseudo_sam1,pseudo_sam2+pseudo_sam3,12051,31,0.24133330964388064,0.19632879389439062,0.2750880424982374,0.25564020160618606,0.21243383786323064,0.2879491883314071,0.95,10000,True
isaid_small_vehicle,gt_bbox,,overall,sam2,human,pseudo_sam2,pseudo_sam1+pseudo_sam3,12051,31,0.2403674140529893,0.1939309103217344,0.27468921992783113,0.27313480875280727,0.21327061862518074,0.31609228969702885,0.95,10000,True
isaid_small_vehicle,gt_bbox,,overall,sam3,human,pseudo_sam3,pseudo_sam1+pseudo_sam2,12051,31,0.23181735321653524,0.18821280452345754,0.26471911751062577,0.1847430665544118,0.15093074205472815,0.21099812314966257,0.95,10000,True
isaid_small_vehicle,gt_bbox,,no_overlap__low_mask_area,sam1,human,pseudo_sam1,pseudo_sam2+pseudo_sam3,522,25,0.20066001225423286,0.17982002979622602,0.2267326485092121,0.21772867791278924,0.19688952644392493,0.2447681779607592,0.95,10000,True
isaid_small_vehicle,gt_bbox,,no_overlap__low_mask_area,sam2,human,pseudo_sam2,pseudo_sam1+pseudo_sam3,522,25,0.19089933927431696,0.1694760791453161,0.21605150893764882,0.20825526654865992,0.17666371092509905,0.24099126276198962,0.95,10000,True
isaid_small_vehicle,gt_bbox,,no_overlap__low_mask_area,sam3,human,pseudo_sam3,pseudo_sam1+pseudo_sam2,522,25,0.19068552898484323,0.17276605692698094,0.21119556806683204,0.15626093605194388,0.1374666400781442,0.1790559710365322,0.95,10000,True
isaid_small_vehicle,gt_bbox,,no_overlap__high_mask_area,sam1,human,pseudo_sam1,pseudo_sam2+pseudo_sam3,1512,21,0.13674960966122227,0.12263238317746578,0.15357598131679542,0.16640627556314427,0.14768615805294497,0.1882617226378977,0.95,10000,True
isaid_small_vehicle,gt_bbox,,no_overlap__high_mask_area,sam2,human,pseudo_sam2,pseudo_sam1+pseudo_sam3,1512,21,0.1295762284817292,0.11689710441615614,0.14569820229355337,0.12733622661275068,0.11402846445363882,0.14656358017903834,0.95,10000,True
isaid_small_vehicle,gt_bbox,,no_overlap__high_mask_area,sam3,human,pseudo_sam3,pseudo_sam1+pseudo_sam2,1512,21,0.13074539281380093,0.11839659770250502,0.14573134903855287,0.10332872878085744,0.09389163281221997,0.11486605452643997,0.95,10000,True
isaid_small_vehicle,gt_bbox,,overlap__low_mask_area,sam1,human,pseudo_sam1,pseudo_sam2+pseudo_sam3,1582,21,0.29908325728943386,0.2591310337981161,0.3295428132883805,0.3209358293182409,0.28140147716384306,0.35350988054443017,0.95,10000,True
isaid_small_vehicle,gt_bbox,,overlap__low_mask_area,sam2,human,pseudo_sam2,pseudo_sam1+pseudo_sam3,1582,21,0.2897921705222196,0.24577355996292718,0.3233764631867431,0.3143343280818294,0.25764293888481404,0.35861800792840925,0.95,10000,True
isaid_small_vehicle,gt_bbox,,overlap__low_mask_area,sam3,human,pseudo_sam3,pseudo_sam1+pseudo_sam2,1582,21,0.2835221290743668,0.24276589518034208,0.31457097722618327,0.23712739948595007,0.20444698603732717,0.2633357230246867,0.95,10000,True
isaid_small_vehicle,gt_bbox,,overlap__high_mask_area,sam1,human,pseudo_sam1,pseudo_sam2+pseudo_sam3,8435,20,0.25176621995044973,0.19701530636565856,0.28847073508002236,0.2617354984057785,0.20625913157042708,0.2987166148101014,0.95,10000,True
isaid_small_vehicle,gt_bbox,,overlap__high_mask_area,sam2,human,pseudo_sam2,pseudo_sam1+pseudo_sam3,8435,20,0.2540187054440848,0.19830026945988982,0.2906191082656855,0.295557682214315,0.2248903470102047,0.3413392734339252,0.95,10000,True
isaid_small_vehicle,gt_bbox,,overlap__high_mask_area,sam3,human,pseudo_sam3,pseudo_sam1+pseudo_sam2,8435,20,0.24278293246618401,0.18976210952890268,0.2787477344304329,0.1912746772406251,0.150449576759536,0.21931158274674536,0.95,10000,True
isaid_small_vehicle,yolo_bbox,42,overall,sam1,human,pseudo_sam1,pseudo_sam2+pseudo_sam3,12051,31,0.0981776430073374,0.08701491857361793,0.10871751971256416,0.09615497099986005,0.08598532387934467,0.1058335389575967,0.95,10000,False
isaid_small_vehicle,yolo_bbox,42,overall,sam2,human,pseudo_sam2,pseudo_sam1+pseudo_sam3,12051,31,0.07378454905720379,0.061095553129240913,0.08296670565088139,0.09462825424511022,0.07953363811030464,0.10461966011140257,0.95,10000,False
isaid_small_vehicle,yolo_bbox,42,overall,sam3,human,pseudo_sam3,pseudo_sam1+pseudo_sam2,12051,31,0.07462678923586147,0.06662012337627544,0.08198669043108685,0.05580575605543237,0.04962616576002823,0.062107148126500554,0.95,10000,False
isaid_small_vehicle,yolo_bbox,42,no_overlap__low_mask_area,sam1,human,pseudo_sam1,pseudo_sam2+pseudo_sam3,522,25,0.0922963942843985,0.07169193397437988,0.11327634974701103,0.08660617572439686,0.06989751046302006,0.10278117083222327,0.95,10000,False
isaid_small_vehicle,yolo_bbox,42,no_overlap__low_mask_area,sam2,human,pseudo_sam2,pseudo_sam1+pseudo_sam3,522,25,0.06733277515667016,0.050088397991229286,0.0841126356272875,0.08250495449739707,0.058619856577401507,0.10695484581000715,0.95,10000,False
isaid_small_vehicle,yolo_bbox,42,no_overlap__low_mask_area,sam3,human,pseudo_sam3,pseudo_sam1+pseudo_sam2,522,25,0.06112292476018629,0.0466869629264779,0.07543972980604541,0.051640963979461024,0.03771508822777547,0.06633229241319397,0.95,10000,False
isaid_small_vehicle,yolo_bbox,42,no_overlap__high_mask_area,sam1,human,pseudo_sam1,pseudo_sam2+pseudo_sam3,1512,21,0.07469928042381178,0.06601222326677257,0.08525412739363061,0.08303669290223648,0.07033387311532188,0.09680146998212033,0.95,10000,False
isaid_small_vehicle,yolo_bbox,42,no_overlap__high_mask_area,sam2,human,pseudo_sam2,pseudo_sam1+pseudo_sam3,1512,21,0.04318838963335123,0.03659339721989091,0.0504950447526655,0.05022507791706875,0.04536422633801566,0.05676628177854262,0.95,10000,False
isaid_small_vehicle,yolo_bbox,42,no_overlap__high_mask_area,sam3,human,pseudo_sam3,pseudo_sam1+pseudo_sam2,1512,21,0.05595879991867422,0.04813864204574264,0.06257675048896953,0.04058469915653201,0.03543452112154608,0.04638604145401843,0.95,10000,False
isaid_small_vehicle,yolo_bbox,42,overlap__low_mask_area,sam1,human,pseudo_sam1,pseudo_sam2+pseudo_sam3,1582,21,0.08085949082530376,0.06209130942315575,0.09889734136249215,0.08097050743504988,0.062164712958042545,0.0996601849928373,0.95,10000,False
isaid_small_vehicle,yolo_bbox,42,overlap__low_mask_area,sam2,human,pseudo_sam2,pseudo_sam1+pseudo_sam3,1582,21,0.06869259170432092,0.05008328269776047,0.08636797877271153,0.07916279481805588,0.058495302989265786,0.10022705629998617,0.95,10000,False
isaid_small_vehicle,yolo_bbox,42,overlap__low_mask_area,sam3,human,pseudo_sam3,pseudo_sam1+pseudo_sam2,1582,21,0.06360538428794694,0.046611232411854685,0.08158937705864963,0.053024164564465834,0.03966658449832523,0.06640099176856823,0.95,10000,False
isaid_small_vehicle,yolo_bbox,42,overlap__high_mask_area,sam1,human,pseudo_sam1,pseudo_sam2+pseudo_sam3,8435,20,0.10599822543906734,0.09535919097935776,0.11969879650746672,0.10194526489161208,0.09290581467484457,0.11393855155481941,0.95,10000,False
isaid_small_vehicle,yolo_bbox,42,overlap__high_mask_area,sam2,human,pseudo_sam2,pseudo_sam1+pseudo_sam3,8435,20,0.08062328000648705,0.06768401560891495,0.09008765213676874,0.10623848801984702,0.09145138409791613,0.1184245995976314,0.95,10000,False
isaid_small_vehicle,yolo_bbox,42,overlap__high_mask_area,sam3,human,pseudo_sam3,pseudo_sam1+pseudo_sam2,8435,20,0.08087585618683837,0.07367315564237559,0.08998378382407281,0.059313608720933664,0.05371813135185904,0.06672814172464127,0.95,10000,False
