Table,Pipeline,Images,Avg IoU,Avg Dice,Avg Precision,Avg Recall,Pred/GT Area,mAP50 proxy,mAP75 proxy,mAP90 proxy,mAP50-95 proxy
Overall,SAM3 text only,128,0.2739,0.3782,0.3589,0.5850,21.4385,0.2109,0.0469,0.0000,0.0773
Overall,SAM3 YOLO bbox,128,0.4076,0.5328,0.5130,0.6485,4.2319,0.3750,0.0781,0.0000,0.1375
Overall,SAM3 GT bbox,128,0.5230,0.6510,0.5826,0.8072,3.9708,0.6641,0.1484,0.0078,0.2414
Overall,SAM3 hybrid YOLO bbox,128,0.3413,0.4554,0.4127,0.6655,12.2751,0.3125,0.0625,0.0000,0.1102
Overall,RemoteSAM text only,128,0.3850,0.5132,0.5244,0.5993,2.8578,0.3359,0.0234,0.0000,0.1125
Overall,RingMo-SAM GT bbox,128,0.2625,0.3592,0.7247,0.2815,0.3257,0.1875,0.0469,0.0000,0.0703
Overall,RingMo-SAM YOLO bbox,128,0.2349,0.3266,0.6292,0.2630,0.4435,0.1641,0.0391,0.0000,0.0547
Overall,SAM2 GT bbox,128,0.6581,0.7842,0.6929,0.9278,1.4278,0.8750,0.2656,0.0000,0.3922
Overall,SAM2 YOLO bbox,128,0.4336,0.5615,0.5494,0.6549,1.8826,0.4141,0.1016,0.0000,0.1523
No Overlap / Low Mask Area,SAM3 text only,32,0.1789,0.2495,0.2387,0.5797,77.3608,0.1250,0.0625,0.0000,0.0531
No Overlap / Low Mask Area,SAM3 YOLO bbox,32,0.3078,0.4128,0.3787,0.6256,11.5545,0.2500,0.0312,0.0000,0.0969
No Overlap / Low Mask Area,SAM3 GT bbox,32,0.4980,0.6172,0.5327,0.8549,11.4195,0.6250,0.1562,0.0312,0.2406
No Overlap / Low Mask Area,SAM3 hybrid YOLO bbox,32,0.1889,0.2723,0.2345,0.6375,42.7998,0.1250,0.0000,0.0000,0.0375
No Overlap / Low Mask Area,RemoteSAM text only,32,0.3563,0.4687,0.4509,0.6190,6.3635,0.3125,0.0625,0.0000,0.1156
No Overlap / Low Mask Area,RingMo-SAM GT bbox,32,0.1391,0.1894,0.5056,0.1449,0.1567,0.1562,0.0312,0.0000,0.0469
No Overlap / Low Mask Area,RingMo-SAM YOLO bbox,32,0.1184,0.1681,0.4296,0.1372,0.4220,0.1250,0.0000,0.0000,0.0187
No Overlap / Low Mask Area,SAM2 GT bbox,32,0.6490,0.7762,0.6917,0.9259,1.4898,0.9062,0.2188,0.0000,0.3812
No Overlap / Low Mask Area,SAM2 YOLO bbox,32,0.3647,0.4771,0.4456,0.6320,3.1647,0.3438,0.0938,0.0000,0.1281
No Overlap / High Mask Area,SAM3 text only,32,0.3244,0.4530,0.4125,0.7460,3.3583,0.2500,0.0312,0.0000,0.0781
No Overlap / High Mask Area,SAM3 YOLO bbox,32,0.5269,0.6669,0.6304,0.7722,2.7089,0.5938,0.1562,0.0000,0.2094
No Overlap / High Mask Area,SAM3 GT bbox,32,0.6380,0.7677,0.6705,0.9310,1.5965,0.9062,0.2500,0.0000,0.3438
No Overlap / High Mask Area,SAM3 hybrid YOLO bbox,32,0.4351,0.5652,0.4945,0.8072,2.8372,0.5000,0.0938,0.0000,0.1719
No Overlap / High Mask Area,RemoteSAM text only,32,0.4563,0.5989,0.6415,0.6223,0.9513,0.4375,0.0000,0.0000,0.1344
No Overlap / High Mask Area,RingMo-SAM GT bbox,32,0.3656,0.4963,0.8842,0.3870,0.4279,0.2500,0.0625,0.0000,0.0906
No Overlap / High Mask Area,RingMo-SAM YOLO bbox,32,0.3315,0.4570,0.8027,0.3597,0.4199,0.2500,0.0625,0.0000,0.0844
No Overlap / High Mask Area,SAM2 GT bbox,32,0.7421,0.8510,0.7772,0.9430,1.2189,1.0000,0.4688,0.0000,0.5312
No Overlap / High Mask Area,SAM2 YOLO bbox,32,0.5339,0.6779,0.6960,0.7139,1.0475,0.5625,0.1250,0.0000,0.2031
Overlap / Low Mask Area,SAM3 text only,32,0.1748,0.2614,0.2529,0.3687,3.4945,0.0625,0.0000,0.0000,0.0125
Overlap / Low Mask Area,SAM3 YOLO bbox,32,0.2663,0.3798,0.3864,0.4781,1.5710,0.1250,0.0000,0.0000,0.0344
Overlap / Low Mask Area,SAM3 GT bbox,32,0.3668,0.4956,0.4551,0.6302,1.6554,0.3750,0.0000,0.0000,0.1031
Overlap / Low Mask Area,SAM3 hybrid YOLO bbox,32,0.2323,0.3354,0.3086,0.4871,2.1873,0.0938,0.0000,0.0000,0.0250
Overlap / Low Mask Area,RemoteSAM text only,32,0.2365,0.3513,0.3800,0.4615,3.0095,0.0938,0.0000,0.0000,0.0187
Overlap / Low Mask Area,RingMo-SAM GT bbox,32,0.1478,0.2291,0.6288,0.1651,0.2288,0.0000,0.0000,0.0000,0.0000
Overlap / Low Mask Area,RingMo-SAM YOLO bbox,32,0.1139,0.1812,0.4409,0.1377,0.4287,0.0000,0.0000,0.0000,0.0000
Overlap / Low Mask Area,SAM2 GT bbox,32,0.5283,0.6801,0.5587,0.9000,1.7227,0.5938,0.0625,0.0000,0.1844
Overlap / Low Mask Area,SAM2 YOLO bbox,32,0.2671,0.3804,0.3815,0.5006,2.1589,0.0938,0.0000,0.0000,0.0312
Overlap / High Mask Area,SAM3 text only,32,0.4174,0.5489,0.5315,0.6457,1.5402,0.4062,0.0938,0.0000,0.1656
Overlap / High Mask Area,SAM3 YOLO bbox,32,0.5293,0.6715,0.6567,0.7182,1.0931,0.5312,0.1250,0.0000,0.2094
Overlap / High Mask Area,SAM3 GT bbox,32,0.5892,0.7235,0.6722,0.8128,1.2119,0.7500,0.1875,0.0000,0.2781
Overlap / High Mask Area,SAM3 hybrid YOLO bbox,32,0.5090,0.6487,0.6131,0.7299,1.2760,0.5312,0.1562,0.0000,0.2062
Overlap / High Mask Area,RemoteSAM text only,32,0.4911,0.6341,0.6251,0.6944,1.1071,0.5000,0.0312,0.0000,0.1812
Overlap / High Mask Area,RingMo-SAM GT bbox,32,0.3976,0.5221,0.8802,0.4289,0.4896,0.3438,0.0938,0.0000,0.1437
Overlap / High Mask Area,RingMo-SAM YOLO bbox,32,0.3760,0.5003,0.8435,0.4174,0.5036,0.2812,0.0938,0.0000,0.1156
Overlap / High Mask Area,SAM2 GT bbox,32,0.7129,0.8294,0.7442,0.9421,1.2798,1.0000,0.3125,0.0000,0.4719
Overlap / High Mask Area,SAM2 YOLO bbox,32,0.5690,0.7106,0.6745,0.7731,1.1592,0.6562,0.1875,0.0000,0.2469
